{
  "timestamp": "2025-06-10T00:56:51.312759",
  "total_coverage": 63.10517529215359,
  "min_coverage": 80.0,
  "files": {
    "database/session.py": {
      "coverage": 73.68421052631578,
      "executed_lines": 14,
      "missing_lines": 5,
      "total_lines": 19,
      "missing_line_numbers": [
        21,
        34,
        35,
        36,
        38
      ]
    },
    "core/__init__.py": {
      "coverage": 100.0,
      "executed_lines": 4,
      "missing_lines": 0,
      "total_lines": 4,
      "missing_line_numbers": []
    },
    "core/config.py": {
      "coverage": 82.85714285714286,
      "executed_lines": 87,
      "missing_lines": 18,
      "total_lines": 105,
      "missing_line_numbers": [
        75,
        80,
        86,
        88,
        93,
        94,
        96,
        101,
        103,
        107,
        111,
        114,
        131,
        133,
        144,
        157,
        160,
        164
      ]
    },
    "core/exceptions.py": {
      "coverage": 88.0,
      "executed_lines": 44,
      "missing_lines": 6,
      "total_lines": 50,
      "missing_line_numbers": [
        61,
        122,
        134,
        152,
        174,
        196
      ]
    },
    "database/base.py": {
      "coverage": 100.0,
      "executed_lines": 2,
      "missing_lines": 0,
      "total_lines": 2,
      "missing_line_numbers": []
    },
    "database/__init__.py": {
      "coverage": 100.0,
      "executed_lines": 3,
      "missing_lines": 0,
      "total_lines": 3,
      "missing_line_numbers": []
    },
    "core/cli.py": {
      "coverage": 50.0,
      "executed_lines": 75,
      "missing_lines": 75,
      "total_lines": 150,
      "missing_line_numbers": [
        4,
        5,
        6,
        8,
        9,
        10,
        11,
        14,
        17,
        18,
        19,
        21,
        24,
        25,
        27,
        28,
        29,
        32,
        33,
        34,
        35,
        36,
        38,
        40,
        41,
        42,
        44,
        53,
        54,
        55,
        56,
        57,
        59,
        61,
        62,
        64,
        66,
        69,
        70,
        71,
        73,
        75,
        76,
        78,
        80,
        83,
        84,
        86,
        88,
        89,
        97,
        98,
        99,
        101,
        103,
        104,
        106,
        107,
        108,
        109,
        110,
        111,
        112,
        115,
        118,
        119,
        121,
        122,
        123,
        124,
        125,
        126,
        127,
        130,
        132
      ]
    },
    "core/logging.py": {
      "coverage": 76.5625,
      "executed_lines": 49,
      "missing_lines": 15,
      "total_lines": 64,
      "missing_line_numbers": [
        20,
        23,
        24,
        25,
        26,
        27,
        30,
        31,
        34,
        35,
        59,
        84,
        85,
        86,
        88
      ]
    },
    "database/models.py": {
      "coverage": 74.9034749034749,
      "executed_lines": 194,
      "missing_lines": 65,
      "total_lines": 259,
      "missing_line_numbers": [
        26,
        28,
        34,
        35,
        41,
        42,
        52,
        53,
        59,
        60,
        66,
        67,
        71,
        84,
        85,
        89,
        96,
        97,
        101,
        117,
        118,
        122,
        140,
        141,
        145,
        152,
        153,
        160,
        164,
        165,
        173,
        174,
        178,
        179,
        198,
        199,
        220,
        223,
        224,
        225,
        226,
        229,
        240,
        242,
        243,
        253,
        256,
        266,
        267,
        271,
        272,
        276,
        280,
        282,
        285,
        286,
        290,
        295,
        296,
        304,
        309,
        310,
        313,
        314,
        332
      ]
    },
    "core/utils.py": {
      "coverage": 77.4390243902439,
      "executed_lines": 127,
      "missing_lines": 37,
      "total_lines": 164,
      "missing_line_numbers": [
        39,
        47,
        127,
        128,
        131,
        132,
        134,
        144,
        145,
        146,
        147,
        149,
        150,
        151,
        152,
        153,
        154,
        155,
        156,
        158,
        160,
        161,
        182,
        183,
        217,
        219,
        220,
        223,
        224,
        226,
        227,
        230,
        231,
        232,
        235,
        236,
        238
      ]
    }
  },
  "critical_paths": {
    "core/config.py": {
      "coverage": 82.85714285714286,
      "meets_requirement": false,
      "missing_lines": [
        75,
        80,
        86,
        88,
        93,
        94,
        96,
        101,
        103,
        107,
        111,
        114,
        131,
        133,
        144,
        157,
        160,
        164
      ]
    },
    "core/exceptions.py": {
      "coverage": 88.0,
      "meets_requirement": false,
      "missing_lines": [
        61,
        122,
        134,
        152,
        174,
        196
      ]
    },
    "database/models.py": {
      "coverage": 74.9034749034749,
      "meets_requirement": false,
      "missing_lines": [
        26,
        28,
        34,
        35,
        41,
        42,
        52,
        53,
        59,
        60,
        66,
        67,
        71,
        84,
        85,
        89,
        96,
        97,
        101,
        117,
        118,
        122,
        140,
        141,
        145,
        152,
        153,
        160,
        164,
        165,
        173,
        174,
        178,
        179,
        198,
        199,
        220,
        223,
        224,
        225,
        226,
        229,
        240,
        242,
        243,
        253,
        256,
        266,
        267,
        271,
        272,
        276,
        280,
        282,
        285,
        286,
        290,
        295,
        296,
        304,
        309,
        310,
        313,
        314,
        332
      ]
    },
    "d0_gateway/base.py": {
      "coverage": 0.0,
      "meets_requirement": false,
      "missing_lines": [],
      "note": "File not found or not measured"
    },
    "d0_gateway/circuit_breaker.py": {
      "coverage": 0.0,
      "meets_requirement": false,
      "missing_lines": [],
      "note": "File not found or not measured"
    },
    "d0_gateway/rate_limiter.py": {
      "coverage": 0.0,
      "meets_requirement": false,
      "missing_lines": [],
      "note": "File not found or not measured"
    },
    "d7_storefront/checkout.py": {
      "coverage": 0.0,
      "meets_requirement": false,
      "missing_lines": [],
      "note": "File not found or not measured"
    },
    "d7_storefront/webhooks.py": {
      "coverage": 0.0,
      "meets_requirement": false,
      "missing_lines": [],
      "note": "File not found or not measured"
    },
    "d9_delivery/compliance.py": {
      "coverage": 0.0,
      "meets_requirement": false,
      "missing_lines": [],
      "note": "File not found or not measured"
    }
  },
  "summary": {
    "total_coverage": 63.10517529215359,
    "meets_minimum": false,
    "files_above_threshold": 5,
    "total_files": 10,
    "threshold_percentage": 50.0,
    "lowest_coverage_files": [
      [
        "core/cli.py",
        50.0
      ],
      [
        "database/session.py",
        73.68421052631578
      ],
      [
        "database/models.py",
        74.9034749034749
      ],
      [
        "core/logging.py",
        76.5625
      ],
      [
        "core/utils.py",
        77.4390243902439
      ]
    ],